{"cameraMode":{"drawMode":0,"name":"Shaded","section":"Shading Mode"},"sceneLighting":true,"audioPlay":false,"sceneViewState":{"showFog":true,"showMaterialUpdate":false,"showSkybox":true,"showFlares":true,"showImageEffects":true,"showParticleSystems":true},"in2DMode":false,"pivot":{"x":0.3783190846443176,"y":2.580036163330078,"z":0.9570643901824951},"rotation":{"x":0.03067769855260849,"y":-0.9584323763847351,"z":0.11295174807310105,"w":0.260352224111557},"size":3.3729217052459719,"orthographic":false}